rank,cluster,citations,access_lens,year,journal,title,abstract_snippet,doi
1,Unclear,177,1,2019,Current opinion in infectious diseases,"Scaling up HIV self-testing in sub-Saharan Africa: a review of technology, policy and evidence.","HIV self-testing (HIVST) can provide complementary coverage to existing HIV testing services and improve knowledge of status among HIV-infected individuals. This review summarizes the current technology, policy and evidence landscape in sub-Saharan Africa and priorities within a rapidly evolving field. HIVST is moving towards scaled implementation, with the release of WHO guidelines, WHO prequalification of the first HIVST product, price reductions of HIVST products and a growing product pipeline. Multicountry evidence from southern and eastern Africa confirms high feasibility, acceptability a",10.1097/QCO.0000000000000426
2,C3_HealthSystems_Financing,136,1,2021,Journal of pharmaceutical policy and practice,"Establishment of the African Medicines Agency: progress, challenges and regulatory readiness.","Insufficient access to quality, safe, efficacious and affordable medical products in Africa has posed a significant challenge to public health for decades. In part, this is attributed to weak or absent policies and regulatory systems, a lack of competent regulatory professionals in National Medicines Regulatory Authorities (NMRAs) and ineffective regional collaborations among NMRAs. In response to national regulatory challenges in Africa, a number of regional harmonisation efforts were introduced through the African Medicines Regulatory Harmonisation (AMRH) initiative to, among others, expedit",10.1186/s40545-020-00281-9
3,C3_HealthSystems_Financing,119,1,2024,The European journal of health economics : HEPAC : health economics in prevention and care,"Special FDA designations for drug development: orphan, fast track, accelerated approval, priority review, and breakthrou","Over the past decades, US Congress enabled the US Food and Drug Administration (FDA) to facilitate and expedite drug development for serious conditions filling unmet medical needs with five special designations and review pathways: orphan, fast track, accelerated approval, priority review, and breakthrough therapy. This study reviews the FDA's five special designations for drug development regarding their safety, efficacy/clinical benefit, clinical trials, innovation, economic incentives, development timelines, and price. We conducted a keyword search to identify studies analyzing the impact o",10.1007/s10198-023-01639-x
4,Unclear,112,1,2013,Human vaccines & immunotherapeutics,"Development of a group A meningococcal conjugate vaccine, MenAfriVac(TM).","Group A meningococcal disease has been an important public health problem in sub-Saharan Africa for over a century. Outbreaks occur there annually, and large epidemics occur at intervals ranging between 8 and 12 y. The Meningitis Vaccine Project was established in 2001 with funding from the Gates Foundation with the goal of developing, testing, licensing, and introducing an affordable group A meningococcal conjugate vaccine into Africa. From 2003 to 2009 a monovalent group A conjugate vaccine, MenAfriVac(TM) , was developed at the Serum Institute of India, Ltd through an innovative public/priv",10.4161/hv.19619
5,Unclear,95,1,2025,Infectious disease reports,"Advancing Phage Therapy: A Comprehensive Review of the Safety, Efficacy, and Future Prospects for the Targeted Treatment","Phage therapy, a treatment utilizing bacteriophages to combat bacterial infections, is gaining attention as a promising alternative to antibiotics, particularly for managing antibiotic-resistant bacteria. This study aims to provide a comprehensive review of phage therapy by examining its safety, efficacy, influencing factors, future prospects, and regulatory considerations. The study also seeks to identify strategies for optimizing its application and to propose a systematic framework for its clinical implementation. A comprehensive analysis of preclinical studies, clinical trials, and regulat",10.3390/idr16060092
6,C2_Vaccine_Quality,94,1,2022,Viruses,Rotaviruses: From Pathogenesis to Disease Control-A Critical Review.,"Since their first recognition in human cases about four decades ago, rotaviruses have remained the leading cause of acute severe dehydrating diarrhea among infants and young children worldwide. The WHO prequalification of oral rotavirus vaccines (ORV) a decade ago and its introduction in many countries have yielded a significant decline in the global burden of the disease, although not without challenges to achieving global effectiveness. Poised by the unending malady of rotavirus diarrhea and the attributable death cases in developing countries, we provide detailed insights into rotavirus bio",10.3390/v14050875
7,Unclear,93,1,2015,Journal of public health policy,A quiet revolution in global public health: The World Health Organization's Prequalification of Medicines Programme.,"Problems with the quality of medicines abound in countries where regulatory and legal oversight are weak, where medicines are unaffordable to most, and where the official supply often fails to reach patients. Quality is important to ensure effective treatment, to maintain patient and health-care worker confidence in treatment, and to prevent the development of resistance. In 2001, the WHO established the Prequalification of Medicines Programme in response to the need to select good-quality medicines for UN procurement. Member States of the WHO had requested its assistance in assessing the qual",10.1057/jphp.2013.53
8,C2_Vaccine_Quality,91,1,2021,Vaccine,Current and future cholera vaccines.,"Cholera remains a major global public health problem that is primarily linked to insufficient access to safe water and proper sanitation. Oral Cholera Vaccine (OCV) has been recommended as an additional public health tool along with WASH in cholera endemic countries and in areas at risk for outbreaks. The new generation OCV is safe and offers good protection in older children and adults while limited protection in younger children less than five years of age has been observed. The combination of direct vaccine protection and vaccine herd immunity effects makes OCV highly cost-effective and, th",10.1016/j.vaccine.2019.12.011
9,C1_Access_Equity_LMIC,88,1,2021,EClinicalMedicine,Global public health security and justice for vaccines and therapeutics in the COVID-19 pandemic.,"A Lancet Commission for COVID-19 task force is shaping recommendations to achieve vaccine and therapeutics access, justice, and equity. This includes ensuring <i>safety and effectiveness</i> harmonized through robust systems of global pharmacovigilance and surveillance. G<i>lobal production</i> requires expanding support for development, manufacture, testing, and distribution of vaccines and therapeutics to low- and middle-income countries (LMICs). Global intellectual property rules must not stand in the way of research, production, technology transfer, or equitable access to essential health ",10.1016/j.eclinm.2021.101053
10,C1_Access_Equity_LMIC,86,1,2020,Global health action,"An interdisciplinary review of digital technologies to facilitate anti-corruption, transparency and accountability in me","<b>Background</b>: Pharmaceutical corruption is a serious challenge in global health. Digital technologies that can detect and prevent fraud and corruption are particularly important to address barriers to access to medicines, such as medicines availability and affordability, stockouts, shortages, diversion, and infiltration of substandard and falsified medicines.<b>Objectives</b>: To better understand how digital technologies are used to combat corruption, increase transparency, and detect fraud in pharmaceutical procurement systems to improve population health outcomes.<b>Methods</b>: We con",10.1080/16549716.2019.1695241
11,Unclear,78,1,2017,American Society of Clinical Oncology educational book. American Society of Clinical Oncology. Annual Meeting,Access to Cancer Therapeutics in Low- and Middle-Income Countries.,"Cancer is rapidly becoming a major health care problem, especially in developing countries, where 60% of the world's total new cases are diagnosed. The success of new antineoplastic medicines and modern radiation devices to cure a good proportion of patients with cancer and to alleviate the suffering of many more has been achieved at a dramatic cost. Therefore, it has become mandatory for health care authorities and pharmaceutical companies to cooperate to use and develop resources in an efficient manner to improve health care delivery to patients with cancer worldwide. Regulatory harmonizatio",10.1200/EDBK_155975
12,Unclear,75,1,2017,PloS one,Speeding Access to Vaccines and Medicines in Low- and Middle-Income Countries: A Case for Change and a Framework for Opt,"The United Nations Millennium Development Goals galvanized global efforts to alleviate suffering of the world's poorest people through unprecedented public-private partnerships. Donor aid agencies have demonstrably saved millions of lives that might otherwise have been lost to disease through increased access to quality-assured vaccines and medicines. Yet, the introduction of these health interventions in low- and middle-income countries (LMICs) continues to face a time lag due to factors which remain poorly understood. A recurring theme from our partnership engagements was that an optimized r",10.1371/journal.pone.0166515
13,C3_HealthSystems_Financing,72,1,2021,BMJ global health,The WHO Global Benchmarking Tool: a game changer for strengthening national regulatory capacity.,"Many low-income and middle-income countries lack the capacity to effectively and efficiently regulate medical products in their countries. To support countries in strengthening their capacity, WHO has developed the Global Benchmarking Tool (GBT) as the global standard for objectively assessing regulatory capacity for medicines and vaccines. The GBT is a game changer because it is the first globally accepted tool for assessing and strengthening national regulatory authorities. The inclusion of an institutional development plan in the GBT methodology provides context-specific actionable steps co",10.1136/bmjgh-2020-003181
14,Unclear,72,1,2020,Journal of the International AIDS Society,The Self-Testing AfRica (STAR) Initiative: accelerating global access and scale-up of HIV self-testing.,"HIV self-testing (HIVST) was first proposed as an additional option to standard HIV testing services in the 1980s. By 2015, two years after the first HIVST kit was approved for the American market and the year in which Unitaid invested in the ""HIV Self-Testing AfRica (STAR) Initiative,"" HIVST remained unexplored with negligible access in low- and middle-income countries (LMIC). However, rapid progress had been made. This commentary outlines the interlinked market, regulatory and policy barriers that had inhibited product development and kept HIVST out of LMIC policy. We detail the components o",10.1002/jia2.25249
15,C1_Access_Equity_LMIC,67,1,2016,Vaccine,"A randomized, non-inferiority trial comparing two bivalent killed, whole cell, oral cholera vaccines (Euvichol vs Shanch","Currently, there are two oral cholera vaccines (OCV) that are prequalified by the World Health Organization. Both (Dukoral and Shanchol) have been proven to be safe, immunogenic, and effective. As the global supply of OCV remains limited, we assessed the safety and immunogenicity of a new low cost, killed, bivalent OCV (Euvichol) in the Philippines. The randomized controlled trial was carried out in healthy Filipino adults and children. Two doses of either the current WHO prequalified OCV (Shanchol) or the same composition OCV being considered for WHO prequalification (Euvichol) were administe",10.1016/j.vaccine.2015.08.075
16,Unclear,66,1,2011,Globalization and health,Intervening in global markets to improve access to HIV/AIDS treatment: an analysis of international policies and the dyn,"Universal access to antiretroviral therapy (ART) in low- and middle-income countries faces numerous challenges: increasing numbers of people needing ART, new guidelines recommending more expensive antiretroviral (ARV) medicines, limited financing, and few fixed-dose combination (FDC) products. Global initiatives aim to promote efficient global ARV markets, yet little is known about market dynamics and the impact of global policy interventions. We utilize several data sources, including 12,958 donor-funded, adult first-line ARV purchase transactions, to describe the market from 2002-2008. We ex",10.1186/1744-8603-6-9
17,C1_Access_Equity_LMIC,60,1,2021,"The Journal of law, medicine & ethics : a journal of the American Society of Law, Medicine & Ethics",A Market Shaping Approach for the Biopharmaceutical Industry: Governing Innovation Towards the Public Interest.,"Enhancing research and development and ensuring equitable pricing and access to cutting-edge treatments are both vital to a biopharmaceutical innovation system that works in the public interest. However, despite delivering numerous therapeutic advances, the existing system suffers from major problems: a lack of directionality to meet key needs, inefficient collaboration, high prices that fail to reflect the public contribution, and an overly-financialized business model.",10.1017/jme.2021.8
18,C2_Vaccine_Quality,59,1,2015,Vaccine,Twenty-five years of the WHO vaccines prequalification programme (1987-2012): lessons learned and future perspectives.,"The World Health Organization (WHO) vaccines prequalification programme was established in 1987. It is a service provided to United Nations procurement agencies to ensure that the vaccines supplied through these agencies are consistently safe and effective under conditions of use in national immunization programmes. This review describes the purpose and aims of the programme, its evolution during 25 years of existence, its added value, and its role in the context of the WHO strategy to ensure the global availability of vaccines of assured quality. The rationale for changes introduced during th",10.1016/j.vaccine.2013.11.066
19,Unclear,58,1,2020,PloS one,Systematic review of the performance and clinical utility of point of care HIV-1 RNA testing for diagnosis and care.,"Point of-care (POC) HIV-1 RNA tests which are accurate and easy to use with limited infrastructure are needed in resource-limited settings (RLS). We systematically reviewed evidence of POC test performance compared to laboratory-based HIV-1 RNA assays and the potential utility of these tests for diagnosis and care in RLS. Studies published up to July 2018 were identified by a search of PUBMED, EMBASE, Web of Science, CINAHL and Cochrane Central Register of Controlled Trials. Studies evaluating the use of POC HIV-1 RNA testing for early infant diagnosis (EID), acute HIV infection (AHI) diagnosi",10.1371/journal.pone.0218369
20,Unclear,57,1,2017,MMWR. Morbidity and mortality weekly report,"Status of New Vaccine Introduction - Worldwide, September 2016.","Since the global Expanded Program on Immunization (EPI) was launched in 1974, vaccination against six diseases (tuberculosis, polio, diphtheria, tetanus, pertussis, and measles) has prevented millions of deaths and disabilities (1). Significant advances have been made in the development and introduction of vaccines, and licensed vaccines are now available to prevent 25 diseases (2,3). Historically, new vaccines only became available in low-income and middle-income countries decades after being introduced in high-income countries. However, with the support of global partners, including the Worl",10.15585/mmwr.mm6541a3
21,C2_Vaccine_Quality,56,1,2021,Biologicals : journal of the International Association of Biological Standardization,"Animal testing for vaccines. Implementing replacement, reduction and refinement: challenges and priorities.","Transition to in vitro alternative methods from in vivo in vaccine release testing and characterization, the implementation of the consistency approach, and a drive towards international harmonization of regulatory requirements are most pressing needs in the field of vaccines. It is critical for global vaccine community to work together to secure effective progress towards animal welfare and to ensure that vaccines of ever higher quality can reach the populations in need in the shortest possible timeframe. Advancements in the field, case studies, and experiences from Low and Middle Income Coun",10.1016/j.biologicals.2020.07.010
22,Unclear,55,1,2011,Vaccine,Lessons from pandemic influenza A(H1N1): the research-based vaccine industry's perspective.,"As A(H1N1) influenza enters the post-pandemic phase, health authorities around the world are reviewing the response to the pandemic. To ensure this process enhances future preparations, it is essential that perspectives are included from all relevant stakeholders, including vaccine manufacturers. This paper outlines the contribution of R&D-based influenza vaccine producers to the pandemic response, and explores lessons that can be learned to improve future preparedness. The emergence of 2009 A(H1N1) influenza led to unprecedented collaboration between global health authorities, scientists and ",10.1016/j.vaccine.2010.11.042
23,C2_Vaccine_Quality,54,1,2017,Vaccine,Innovations in cold chain equipment for immunization supply chains.,"Since 2010, numerous new technologies have entered the immunization cold chain equipment market. The World Health Organization (WHO) Immunization Devices Programme-Performance, Quality and Safety (PQS)-has played a key role in bringing these to market. In this article, the authors explore the emergence of new cold chain equipment technologies from 2004 to 2016 and the role of PQS in this evolution. This review focuses on three major vaccine cold chain technology innovations-solar direct-drive refrigerators, long-term passive cold boxes, and equipment with user-independent freeze prevention. Fo",10.1016/j.vaccine.2016.11.094
24,C3_HealthSystems_Financing,50,1,2021,BMJ global health,"Initial success from a public health approach to hepatitis C testing, treatment and cure in seven countries: the road to","With political will, modest financial investment and effective technical assistance, public sector hepatitis C virus (HCV) programmes can be established in low- and middle-income countries as a first step towards elimination. Seven countries, with support from the Clinton Health Access Initiative (CHAI) and partners, have expanded access to HCV treatment by combining programme simplification with market shaping to reduce commodity prices. CHAI has supported a multipronged approach to HCV programme launch in Cambodia, India, Indonesia, Myanmar, Nigeria, Rwanda and Vietnam including pricing nego",10.1136/bmjgh-2020-003767
25,Unclear,49,1,2004,Psychotherapy and psychosomatics,Escitalopram: superior to citalopram or a chiral chimera?,"Escitalopram is the active isomer of the antidepressant citalopram. In theory single-isomer drugs may be superior but few have been found to have clinically significant advantages. The manufacturer claims that escitalopram has more efficacy and a faster onset of effect than citalopram. The purpose of this study was to assess how far these claims are justified. Relevant trial reports were requested from H. Lundbeck A/S and the Swedish drug regulatory authority. The trials consisted of a pooled analysis of 1,321 patients from one unpublished, one partly published and one published eight-week tri",10.1159/000074435
26,Unclear,48,1,2017,The Lancet. Global health,The UN Commission on Life Saving Commodities 3 years on: global progress update and results of a multicountry assessment,"In September, 2012, the UN Commission on Life Saving Commodities (UNCoLSC) outlined a plan to expand availability and access to 13 life saving commodities. We profile global and country progress against these recommendations between 2012 and 2015. For 12 countries in sub-Saharan Africa that were off-track to achieve the Millennium Development Goals for maternal and child survival, we reviewed key documents and reference data, and conducted interviews with ministry staff and partners to assess the status of the UNCoLSC recommendations. The RMNCH fund provided short-term catalytic financing to s",10.1016/S2214-109X(16)00046-2
27,Unclear,46,1,2020,PloS one,Industrial perceptions of medicines regulatory harmonization in the East African Community.,"Medicines regulatory harmonization has been recommended as one way to improve access to quality-assured medicines in low- and middle-income countries. The rationale is that by lowering barriers to entry more manufacturers will be enticed to enter the market, while the capacity at the national medicines regulatory authorities is strengthened. The African Medicines Regulatory Harmonization Initiative, agreed in 2009, is developing regional platforms with harmonized regulatory procedures for the registration of medicines. The first region to implement medicines regulatory harmonization was the Ea",10.1371/journal.pone.0218617
28,C1_Access_Equity_LMIC,46,1,2014,Tropical medicine & international health : TM & IH,Registering medicines for low-income countries: how suitable are the stringent review procedures of the World Health Org,"New medicines are registered after a resource-demanding process. Unfortunately, in low-income countries (LICs), demand outweighs resources. To facilitate registration in LICs, stringent review procedures of the European Medicines Agency (EMA Article-58), Food and Drug Administration (FDA PEPFAR-linked review) and WHO Prequalification programme have been established. Only the PEPFAR-linked review gives approval, while the others make recommendations for approval. This study assessed the performance and discussed the challenges of these three stringent review procedures. Data from WHO, FDA, EMA,",10.1111/tmi.12201
29,Unclear,43,1,2012,Seminars in liver disease,Challenges and priorities in the management of HIV/HBV and HIV/HCV coinfection in resource-limited settings.,"Liver disease due to chronic hepatitis B virus (HBV) and hepatitis C virus (HCV) infection is now emerging as an increasing cause of morbidity and mortality in human immunodeficiency virus- (HIV-) infected persons in resource-limited settings (RLS). Existing management guidelines have generally focused on care in tertiary level facilities in developed countries. Less than half of low-income countries have guidance, and in those that do, there are important omissions or disparities in recommendations. There are multiple challenges to delivery of effective hepatitis care in RLS, but the most imp",10.1055/s-0032-1316476
30,C3_HealthSystems_Financing,42,1,2025,"Diagnostics (Basel, Switzerland)","Advances in Point-of-Care Infectious Disease Diagnostics: Integration of Technologies, Validation, Artificial Intelligen","Point-of-care (POC) infectious disease diagnostics are reshaping global health by delivering rapid, decentralized, and clinically actionable results that link bedside testing to population-level surveillance. Valued at approximately USD 53 billion in 2024 and projected to nearly double by 2033, the global POC diagnostics market is driven by infectious disease assays and accelerated by innovations in molecular amplification, biosensors, microfluidics, and artificial intelligence (AI). This review integrates current evidence across technological, clinical, regulatory, and public health domains. ",10.3390/diagnostics15222845
31,C2_Vaccine_Quality,42,1,2017,Human vaccines & immunotherapeutics,Achievements and challenges for the use of killed oral cholera vaccines in the global stockpile era.,"Cholera remains an important but neglected public health threat, affecting the health of the poorest populations and imposing substantial costs on public health systems. Cholera can be eliminated where access to clean water, sanitation, and satisfactory hygiene practices are sustained, but major improvements in infrastructure continue to be a distant goal. New developments and trends of cholera disease burden, the creation of affordable oral cholera vaccines (OCVs) for use in developing countries, as well as recent evidence of vaccination impact has created an increased demand for cholera vacc",10.1080/21645515.2016.1245250
32,Unclear,41,1,2025,Signal transduction and targeted therapy,Current landscape of innovative drug development and regulatory support in China.,"The global pharmaceutical landscape remains dynamic and competitive, shaped by advancements in first-in-class therapies and breakthrough technologies. The United States has maintained its leadership in first-in-class therapies and breakthrough technologies, driven by advanced regulatory pathways, significant multinational corporation investments, a robust Research and Development (R&D) workforce, and continuous technological innovation. Additionally, global impact of the Food and Drug Administration (FDA) is further amplified through collaborations like Project Orbis, which facilitates simulta",10.1038/s41392-025-02267-y
33,Unclear,40,1,2016,Malaria journal,"An assessment of the supply, programmatic use, and regulatory issues of single low-dose primaquine as a Plasmodium falci","Global ambitions to eliminate malaria are intensifying, underscoring a critical need for transmission blocking tools. In 2012, the WHO recommended the use of 0.25 mg/kg of single low-dose (SLD) primaquine to stop Plasmodium falciparum transmission. To ensure the availability of SLD primaquine to countries in need of this tool, more information on the supply, programmatic, and regulatory barriers to the rollout of SLD primaquine is required. Challenges to the rollout of SLD primaquine in sub-Saharan Africa were established through semi-structured qualitative interviews with three primaquine man",10.1186/s12936-015-0714-3
34,Unclear,37,1,2014,Antiviral research,Lessons from reproductive health to inform multipurpose prevention technologies: don't reinvent the wheel.,This paper presents the public health rationale for multipurpose prevention technologies (MPTs) for sexual and reproductive health (SRH) based on regional trends in demographic and SRH indicators. It then distils important lessons gleaned from the introduction of contraceptive and reproductive health products over the past several decades in order to inform the development and future introduction of MPTs for SRH. A comparison of current demographic and public health regional data clearly revealed that the greatest confluence of women's SRH concerns occurs in sub-Saharan Africa and South/West A,10.1016/j.antiviral.2013.09.019
35,Unclear,35,1,2020,PLoS medicine,Coming together to improve access to medicines: The genesis of the East African Community's Medicines Regulatory Harmoni,Hiiti Sillo and colleagues reveal how the East African Community's Medicines Regulatory Harmonization initiative improves access to important medicines in Africa.,10.1371/journal.pmed.1003133
36,Unclear,35,1,2015,Antiviral therapy,The discovery and development of antiretroviral agents.,"Since the discovery of HIV as the causative agent of AIDS in 1983/1984, remarkable progress has been made in finding antiretroviral drugs (ARVs) that are effective against it. A major breakthrough occurred in 1996 when it was found that triple drug therapy (HAART) could durably suppress viral replication to minimal levels. It was then widely felt, however, that HAART was too expensive and complex for low- and middle-income countries, and so, with the exception of a few of these countries, such as Brazil, a massive scale-up did not begin until the WHO launched its '3 by 5' initiative and sizeab",10.3851/IMP2896
37,Unclear,33,1,2022,The Lancet. Infectious diseases,"Safety and immunogenicity of the Vi-DT typhoid conjugate vaccine in healthy volunteers in Nepal: an observer-blind, acti","Typhoid fever is an endemic disease in many low-income and middle-income countries. The 2018 WHO position paper recommends that countries should consider typhoid vaccination in high-risk groups and for outbreak control. To address the typhoid vaccine supply and demand gap, a typhoid Vi polysaccharide-diphtheria toxoid (Vi-DT) conjugate vaccine development effort was undertaken to achieve WHO prequalification and contribute to the global supply of typhoid conjugate vaccine. The main aim of this study was to show immune non-inferiority of the Vi-DT vaccine compared with the WHO prequalified Vi p",10.1016/S1473-3099(21)00455-2
38,Unclear,33,1,2021,Health affairs (Project Hope),Barriers To US Biosimilar Market Growth: Lessons From Biosimilar Patent Litigation.,"High biologic drug prices have placed substantial strain on the US health care system. The Biologics Price Competition and Innovation Act (BPCIA), passed in 2010 as part of the Affordable Care Act, created an abbreviated approval pathway for biosimilars-versions of ""originator"" biologic drugs made by different manufacturers-to help address this issue. However, a decade after its passage, the BPCIA has spurred only limited competition. We examined the role that litigation has played in this muted success, reviewing all lawsuits related to the BPCIA filed between its enactment and August 1, 2020",10.1377/hlthaff.2020.02484
39,C1_Access_Equity_LMIC,31,1,2022,Expert review of clinical pharmacology,WHO collaborative registration procedure using stringent regulatory authorities' medicine evaluation  reliance in action,"Introduction: The regulatory approval of medical products in countries with limited regulatory resources can be lengthy, which often compromises patients’ timely access to much-needed medicines. To improve the efficiency of regulatory systems, reliance is being used. Reliance allows an authority to leverage the work performed by other authorities, such as scientific evaluations, to decide on medical products approval within their jurisdiction. This reduces duplication of regulatory efforts, resources and time, while maintaining national sovereignty. Areas covered: This article analyzes the out",10.1080/17512433.2022.2037419
40,Unclear,30,1,2023,Parasites & vectors,The pipeline for drugs for control and elimination of neglected tropical diseases: 1. Anti-infective drugs for regulator,"The World Health Organization 'Ending the neglect to attain the Sustainable Development Goals: A road map for neglected tropical diseases 2021-2030' outlines the targets for control and elimination of neglected tropical diseases (NTDs). New drugs are needed to achieve some of them. We are providing an overview of the pipeline for new anti-infective drugs for regulatory registration and steps to effective use for NTD control and elimination. Considering drugs approved for an NTD by at least one stringent regulatory authority: fexinidazole, included in WHO guidelines for Trypanosoma brucei gambi",10.1186/s13071-022-05581-4
